player_id,name,position,league,club_name,age,minutes,goal_contributions_per90,market_value_eur,pred_eur,mispricing_ratio,residual,calibrated_residual,seg_unc
274461,Felix Passlack,Defender,Germany - Bundesliga,VfL Bochum,26.595482546201232,2345,0.2686567164179104,2000000.0,10081388.95060347,5.040694475301735,-1.6175438653093297,-1.6242359337560903,0.4233984470101193
284884,Óscar Rodríguez,Midfield,Spain - LaLiga,CD Leganés,26.51334702258727,1323,0.3401360544217687,2000000.0,9330087.956443897,4.665043978221948,-1.540097261526455,-1.538896652783676,0.4461770408809116
807688,Yassin Belkhdim,Midfield,France - Ligue 1,Angers SCO,22.88021902806297,1519,0.1184990125082291,1000000.0,4801576.252963985,4.801576252963986,-1.5689442500411168,-1.5057869835943603,0.5289156290844801
512352,Lasse Rosenboom,Defender,Germany - Bundesliga,Holstein Kiel,22.951403148528406,1738,0.2071346375143843,1500000.0,6835281.458298645,4.55685430553243,-1.5166325401955785,-1.4851318021090474,0.4233984470101193
581357,Jan Schöppner,Midfield,Germany - Bundesliga,1. Fußballclub Heidenheim 1846,25.557837097878167,2688,0.2008928571428571,4000000.0,16433982.561977971,4.1084956404944935,-1.4130569372943462,-1.4727731688059553,0.3189398516478032
633454,Alexander Bernhardsson,Attack,Germany - Bundesliga,Holstein Kiel,26.31622176591376,1271,0.7081038552321007,3000000.0,12664101.106580997,4.221367035526998,-1.4401590176580257,-1.4709072054522683,0.4301634824676839
422466,Javi Hernández,Defender,Spain - LaLiga,CD Leganés,26.6694045174538,2391,0.1129234629861982,2500000.0,10561041.89815417,4.224416759261668,-1.4408812061348613,-1.4523773351924123,0.4716122906083466
763182,Josué Casimir,Attack,France - Ligue 1,Le Havre AC,23.27173169062286,2006,0.448654037886341,4000000.0,15981679.30625323,3.995419826563308,-1.3851486616977091,-1.4416867159042963,0.5384759850371825
392569,Gabriele Zappa,Defender,Italy - Serie A,Cagliari Calcio,25.02943189596167,3062,0.0587851077726975,4000000.0,14629593.936660392,3.657398484165098,-1.2967520980013454,-1.3433434315692245,0.393297256701782
423444,Fran Beltrán,Midfield,Spain - LaLiga,Celta de Vigo,25.911019849418206,2428,0.1112026359143327,8000000.0,26588331.67551238,3.323541459439048,-1.2010309190535704,-1.3183913316150064,0.4461770408809116
948273,Mario Martín,Midfield,Spain - LaLiga,Real Valladolid CF,20.826830937713893,1750,0.0514285714285714,1500000.0,5710472.932261313,3.806981954840876,-1.3368367373946093,-1.2888558975292208,0.4461770408809116
917375,Antoine Hainaut,Defender,Italy - Serie A,Parma Calcio 1913,22.869267624914443,1198,0.1502504173622704,1000000.0,3758414.4319366855,3.7584144319366857,-1.323997174830179,-1.2405904626160786,0.393297256701782
505674,Sergio Camello,Attack,Spain - LaLiga,Rayo Vallecano,23.89048596851472,1139,0.3950834064969271,3000000.0,9840749.59653231,3.2802498655107697,-1.1879195980039974,-1.1921345726946542,0.37904911067644154
343959,Erhan Masovic,Defender,Germany - Bundesliga,VfL Bochum,26.11088295687885,907,0.1984564498346196,2000000.0,6726744.448128265,3.3633722240641326,-1.2129441087814357,-1.1799456702449065,0.4233984470101193
651269,Armin Gigovic,Midfield,Germany - Bundesliga,Holstein Kiel,22.740588637919235,1905,0.3307086614173228,3000000.0,9697526.858920315,3.2325089529734385,-1.17325860133473,-1.1759769839881093,0.3189398516478032
445126,Emanuele Valeri,Defender,Italy - Serie A,Parma Calcio 1913,26.069815195071868,2879,0.2500868357068426,3000000.0,9665221.622621927,3.221740540873976,-1.1699217541609386,-1.1723002119856896,0.393297256701782
624037,Joris Chotard,Midfield,France - Ligue 1,Montpellier HSC,23.27173169062286,1871,0.0481026189203634,6000000.0,17720446.36601145,2.953407727668574,-1.0829596655871168,-1.1513494600934797,0.5289156290844801
390688,Juan Iglesias,Defender,Spain - LaLiga,Getafe CF,26.49965776865161,2890,0.0311418685121107,3500000.0,10901808.628492694,3.114802465283627,-1.1361657361945134,-1.150973063056034,0.4716122906083466
694509,Moussa Diarra,Defender,Spain - LaLiga,Deportivo Alavés,24.142368240930868,1863,0.0,1800000.0,5937263.643931182,3.29847980218399,-1.1934616963284022,-1.1489867628361425,0.4716122906083466
568698,Issa Soumaré,Attack,France - Ligue 1,Le Havre AC,24.22724161533197,1904,0.4254201680672269,2000000.0,6457754.280702896,3.228877140351448,-1.1721344422295452,-1.1353445044022792,0.5384759850371825
660860,Diego Coppola,Defender,Italy - Serie A,Hellas Verona,21.01300479123888,2926,0.0615174299384825,10000000.0,27139272.56385668,2.713927256385668,-0.998396757953124,-1.1183343551052394,0.393297256701782
618809,Manu Sánchez,Defender,Spain - LaLiga,Deportivo Alavés,24.35592060232717,2640,0.034090909090909,6000000.0,17196351.39860106,2.8660585664335096,-1.052937764100717,-1.1178566786562862,0.4716122906083466
324811,Arnaud Nordin,Attack,France - Ligue 1,Montpellier HSC,26.54346338124572,1246,0.3611556982343499,5000000.0,14048260.260160226,2.809652052032045,-1.0330606507790885,-1.0751503174670947,0.5384759850371825
1068110,Rabby Nzingoula,Midfield,France - Ligue 1,Montpellier HSC,19.10198494182067,1695,0.0530973451327433,2500000.0,7368978.511852597,2.9475914047410385,-1.0809883638869948,-1.0566021887487118,0.5289156290844801
469211,Liberato Cacace,Defender,Italy - Serie A,FC Empoli,24.26283367556468,2231,0.242043926490363,3000000.0,8669735.616419844,2.889911872139948,-1.0612260075901645,-1.0526735529484543,0.393297256701782
358008,Gianluca Gaetano,Midfield,Italy - Serie A,Cagliari Calcio,24.65982203969884,998,0.5410821643286573,4000000.0,11227594.15801634,2.806898539504085,-1.032080151198901,-1.0499787224084862,0.4355277462595577
634131,Aimar Oroz,Midfield,Spain - LaLiga,CA Osasuna,23.096509240246405,2983,0.2715387194099899,15000000.0,36287164.87409894,2.4191443249399294,-0.8834138929072068,-1.0409060252588673,0.4461770408809116
284854,Carles Aleñá,Midfield,Spain - LaLiga,Deportivo Alavés,26.989733059548254,1549,0.1162040025823111,2500000.0,7179583.293511604,2.8718333174046418,-1.0549506123863832,-1.0280855216389284,0.4461770408809116
585959,Arnaud Kalimuendo,Attack,France - Ligue 1,Stade Rennais FC,22.94866529774127,2591,0.7294480895407179,22000000.0,49279957.249075934,2.239998056776179,-0.806474998355938,-1.0056626502913546,0.5384759850371825
471890,Max Geschwill,Defender,Germany - Bundesliga,Holstein Kiel,23.48802190280629,1285,0.2101167315175097,1500000.0,4377962.808147998,2.918641872098665,-1.0711183957869377,-1.0001615348591923,0.4233984470101193
480883,Miguel de la Fuente,Attack,Spain - LaLiga,CD Leganés,25.3305954825462,1719,0.2094240837696334,2000000.0,5695269.414666586,2.8476347073332926,-1.046488722448796,-0.9982691914555026,0.37904911067644154
569140,Lassine Sinayoko,Attack,France - Ligue 1,AJ Auxerre,25.06776180698152,2307,0.5461638491547465,4000000.0,10607735.150572458,2.6519337876431144,-0.9752891050598684,-0.9872438070020753,0.5384759850371825
566615,Mikael Egill Ellertsson,Midfield,Italy - Serie A,Venezia FC,22.811772758384667,2480,0.1451612903225806,3400000.0,9109956.433350377,2.679398950985405,-0.985592497349664,-0.9819868008315643,0.4355277462595577
314965,Pedro Pereira,Defender,Italy - Serie A,AC Monza,26.94318959616701,2674,0.1346297681376215,1500000.0,4268052.920651767,2.845368613767845,-1.0456926246574143,-0.9726235367733578,0.393297256701782
852727,Diego García,Attack,Spain - LaLiga,CD Leganés,24.70636550308008,1190,0.226890756302521,1500000.0,4254882.449073239,2.8365882993821594,-1.0426020269957732,-0.969277217215466,0.37904911067644154
628498,Jofre Carreras,Attack,Spain - LaLiga,RCD Espanyol Barcelona,23.54277891854894,2178,0.2892561983471075,3000000.0,8013113.778474536,2.6710379261581787,-0.982467133262574,-0.9661664200249372,0.37904911067644154
764859,Williot Swedberg,Attack,Spain - LaLiga,Celta de Vigo,20.91718001368925,1347,0.6013363028953229,5000000.0,12547941.223318018,2.5095882446636035,-0.920118693735926,-0.9498714812918954,0.37904911067644154
481834,Andrea Carboni,Defender,Italy - Serie A,AC Monza,23.906913073237508,2196,0.040983606557377,2800000.0,7411303.710337263,2.646894182263308,-0.9733869459681,-0.9495481538273017,0.393297256701782
785353,Pablo Ibáñez,Midfield,Spain - LaLiga,CA Osasuna,26.28336755646817,1289,0.1396431342125678,2000000.0,5328819.756442301,2.6644098782211505,-0.9799825990343064,-0.9258621607713037,0.4461770408809116
329373,Carlo Boukhalfa,Midfield,Germany - Bundesliga,FC St. Pauli,25.66735112936345,1654,0.1088270858524788,2000000.0,5219220.954889673,2.6096104774448365,-0.9592009678385516,-0.9032577742159966,0.3189398516478032
880245,Mateus Fernandes,Midfield,England - Premier League,Southampton FC,20.47912388774812,2922,0.1848049281314168,15000000.0,31605184.22402654,2.107012281601769,-0.7452709637570187,-0.8846582294477896,0.3167842881045617
651569,Daniel Mosquera,Attack,Italy - Serie A,Hellas Verona,25.201916495551,1363,0.3961848862802641,1500000.0,3895761.725135985,2.59717448342399,-0.9544241169558454,-0.8738970990593442,0.4547213607799616
392516,Antonino Gallo,Defender,Italy - Serie A,US Lecce,24.99110198494182,2615,0.0688336520076481,4300000.0,10118279.591349956,2.3530882770581294,-0.8557286258532724,-0.8627963879836003,0.393297256701782
706024,Marko Ivezic,Defender,Germany - Bundesliga,Holstein Kiel,23.082819986310746,1655,0.0,2000000.0,4989624.417568711,2.494812208784355,-0.9142134593504778,-0.8543588997183249,0.4233984470101193
527425,Luke Woolfenden,Defender,England - Premier League,Ipswich Town,26.19849418206708,1187,0.0,2000000.0,4968902.588878369,2.484451294439185,-0.9100518281003946,-0.8498378261320692,0.4268281384923291
392966,Nadir Zortea,Defender,Italy - Serie A,Cagliari Calcio,25.53867214236824,2727,0.264026402640264,5000000.0,11352260.328979854,2.2704520657959706,-0.8199789595937332,-0.8390419773581075,0.393297256701782
552425,Jon Moncayola,Midfield,Spain - LaLiga,CA Osasuna,26.639288158795345,2113,0.0,7000000.0,15351179.569542443,2.193025652791777,-0.7852821669468035,-0.8372684705924067,0.4461770408809116
327251,Ridle Baku,Defender,Germany - Bundesliga,RB Leipzig,26.73511293634497,2453,0.330207908683245,9000000.0,19125770.65284042,2.12508562809338,-0.7538120971378923,-0.831119672196887,0.4233984470101193
905997,Pablo Durán,Attack,Spain - LaLiga,Celta de Vigo,23.60574948665298,1394,0.5164992826398852,3500000.0,8147898.601762818,2.327971029075091,-0.8449970852363844,-0.8303253352583031,0.37904911067644154
357796,Domagoj Bradarić,Defender,Italy - Serie A,Hellas Verona,25.062286105407257,1944,0.0462962962962962,4000000.0,9198086.465758916,2.299521616439729,-0.8327011084492995,-0.8300635978797013,0.393297256701782
520840,José Copete,Defender,Spain - LaLiga,RCD Mallorca,25.229295003422312,1523,0.0,3000000.0,7041061.341779887,2.347020447259962,-0.8531466289144305,-0.8244370563905201,0.4716122906083466
488755,Jakov Medic,Defender,Germany - Bundesliga,VfL Bochum,26.31895961670089,1604,0.0561097256857855,2000000.0,4842812.94436597,2.421406472182985,-0.8843485581973969,-0.8219234977192458,0.4233984470101193
696164,Tim Oermann,Defender,Germany - Bundesliga,VfL Bochum,21.240246406570844,2217,0.081190798376184,5000000.0,11164755.723259516,2.2329511446519037,-0.8033240938241839,-0.8206319006318417,0.4233984470101193
507486,Simon Sohm,Midfield,Italy - Serie A,Parma Calcio 1913,23.72621492128679,3000,0.12,5000000.0,11124498.096459571,2.2248996192919144,-0.7997117996755101,-0.8166397699213681,0.4355277462595577
469709,David Zec,Defender,Germany - Bundesliga,Holstein Kiel,24.99110198494182,1545,0.116504854368932,2500000.0,5746272.842175196,2.2985091368700785,-0.8322607114009379,-0.7848400692240483,0.4233984470101193
540333,Tomas Suslov,Midfield,Italy - Serie A,Hellas Verona,22.570841889117045,2097,0.0429184549356223,6000000.0,12708162.155101037,2.1180270258501728,-0.7504850071781508,-0.7816088910897432,0.4355277462595577
826224,Arnau Martínez,Defender,Spain - LaLiga,Girona FC,21.689253935660503,2627,0.1370384468976018,10000000.0,20056486.48513457,2.005648648513457,-0.6959675239067451,-0.7788959637343476,0.4716122906083466
604320,Frans Krätzig,Defender,Germany - Bundesliga,1. Fußballclub Heidenheim 1846,21.965776865160848,1283,0.2104442712392829,3500000.0,7759104.009174534,2.2168868597641525,-0.7961038962981846,-0.7766757911218376,0.4233984470101193
658115,Abel Bretones,Defender,Spain - LaLiga,CA Osasuna,24.36413415468857,2068,0.0870406189555125,4000000.0,8696632.148572639,2.1741580371431595,-0.7766414802350106,-0.7683967157327587,0.4716122906083466
667967,Yassine Kechta,Midfield,France - Ligue 1,Le Havre AC,22.85010266940452,2111,0.127901468498342,5000000.0,10617702.67866414,2.123540535732828,-0.753084759702638,-0.7651371495119821,0.5289156290844801
550580,Shuto Machino,Attack,Germany - Bundesliga,Holstein Kiel,25.256673511293634,1959,0.6431852986217458,5000000.0,10594586.23571678,2.118917247143356,-0.750905225736112,-0.7627309512758207,0.4301634824676839
388294,Omar Traoré,Defender,Germany - Bundesliga,1. Fußballclub Heidenheim 1846,26.90759753593429,2622,0.034324942791762,4000000.0,8636623.53690148,2.15915588422537,-0.7697173509759594,-0.7607850969705747,0.4233984470101193
504209,Gianluca Busio,Midfield,Italy - Serie A,Venezia FC,22.598220396988363,2527,0.0712307083498219,6000000.0,12312660.677733244,2.0521101129555404,-0.7188685871531835,-0.7465828633877296,0.4355277462595577
405687,Tom Krauß,Midfield,Germany - Bundesliga,VfL Bochum,23.52908966461328,1081,0.0,4000000.0,8504535.73475634,2.126133933689085,-0.7543052759077558,-0.7438467854448139,0.3189398516478032
315865,Andrea Pinamonti,Attack,Italy - Serie A,Genoa CFC,25.623545516769337,2860,0.3461538461538461,15000000.0,27619955.103182923,1.8413303402121948,-0.6104883213592558,-0.7326398574050614,0.4547213607799616
335457,Ermedin Demirovic,Attack,Germany - Bundesliga,VfB Stuttgart,26.77344284736482,1855,0.8247978436657682,22000000.0,38601348.96107085,1.754606770957766,-0.5622447696798325,-0.7279834630377247,0.4301634824676839
662242,Rassoul Ndiaye,Midfield,France - Ligue 1,Le Havre AC,23.05817932922656,1057,0.1702932828760643,2000000.0,4432566.028350569,2.2162830141752847,-0.7958314747083168,-0.7259097956079874,0.5289156290844801
451801,Abdul Mumin,Defender,Spain - LaLiga,Rayo Vallecano,26.573579739904176,2020,0.1336633663366336,5000000.0,10220968.075926946,2.044193615185389,-0.7150033915273646,-0.7231113807368461,0.4716122906083466
408471,Javi Puado,Attack,Spain - LaLiga,RCD Espanyol Barcelona,26.60643394934976,2989,0.4817664770826363,10000000.0,19059333.29598582,1.905933329598582,-0.6449718253959738,-0.7218698334060469,0.37904911067644154
333903,Lars Ritzka,Defender,Germany - Bundesliga,FC St. Pauli,26.65571526351814,919,0.0979325353645266,1000000.0,2276925.7690163795,2.2769257690163798,-0.8228261862060542,-0.702346576754741,0.4233984470101193
651735,Magnus Knudsen,Midfield,Germany - Bundesliga,Holstein Kiel,23.548254620123203,1853,0.0485698866702644,2500000.0,5295997.74448589,2.118399097794356,-0.7506606608703343,-0.6959972651680535,0.3189398516478032
524285,Luca Netz,Defender,Germany - Bundesliga,Borussia Mönchengladbach,21.634496919917865,959,0.1876955161626694,6000000.0,11689928.851018948,1.9483214751698248,-0.6669682199259324,-0.6891359277648781,0.4233984470101193
401320,Dara O'Shea,Defender,England - Premier League,Ipswich Town,25.831622176591377,3123,0.0576368876080691,14000000.0,24880833.261807144,1.7772023758433677,-0.5750404289250923,-0.6841274926069327,0.4268281384923291
655012,Lucas Stassin,Attack,France - Ligue 1,AS Saint-Étienne,20.09034907597536,1868,0.8190578158458244,18000000.0,31076444.626198445,1.7264691458999135,-0.5460783667932994,-0.6832850127936132,0.5384759850371825
585973,Johann Lepenant,Midfield,France - Ligue 1,FC Nantes,22.195756331279945,2054,0.1314508276533593,6000000.0,11589845.165296908,1.9316408608828175,-0.6583698286984667,-0.6796246933246342,0.5289156290844801
613393,Gaetano Oristanio,Midfield,Italy - Serie A,Venezia FC,22.261464750171115,2332,0.2315608919382504,6000000.0,11509371.513197908,1.9182285855329848,-0.6514021484699821,-0.6719185574785926,0.4355277462595577
324795,Mahdi Camara,Midfield,France - Ligue 1,Stade Brestois 29,26.50787132101301,2670,0.3033707865168539,9000000.0,16391597.762385825,1.8212886402650916,-0.5995442946454368,-0.6589656787484417,0.5289156290844801
391005,Mads Roerslev,Defender,England - Premier League,Brentford FC,25.52498288843258,1393,0.1292175161521895,6000000.0,11366311.703805486,1.894385283967581,-0.6388943975014794,-0.6580880367224384,0.4268281384923291
429014,Morgan Gibbs-White,Midfield,England - Premier League,Nottingham Forest,24.93086926762492,2824,0.5417847025495751,50000000.0,74489394.1212337,1.489787882424674,-0.3986337490342997,-0.6575689449746054,0.3167842881045617
583699,Andrej Ilic,Attack,Germany - Bundesliga,1.FC Union Berlin,24.747433264887064,943,0.6680805938494168,4000000.0,7853420.580326825,1.9633551450817064,-0.6746548184829315,-0.6563969035182604,0.4301634824676839
585700,Juan Cruz,Attack,Spain - LaLiga,CD Leganés,24.68720054757016,2265,0.3576158940397351,5000000.0,9553061.23515666,1.910612247031332,-0.6474237388778867,-0.6486151713604338,0.37904911067644154
393512,Felix Agu,Defender,Germany - Bundesliga,SV Werder Bremen,25.26488706365503,1761,0.2044293015332197,8000000.0,14596080.042245146,1.8245100052806436,-0.6013114607273113,-0.6476471499360936,0.4233984470101193
341278,Iván Martín,Midfield,Spain - LaLiga,Girona FC,25.88090349075976,2043,0.0881057268722467,6000000.0,11202823.258473862,1.867137209745644,-0.6244063539564646,-0.6420723540675326,0.4461770408809116
666547,Zito Luvumbo,Attack,Italy - Serie A,Cagliari Calcio,22.81724845995893,1613,0.2231866088034718,5000000.0,9496226.35945334,1.899245271890668,-0.641456581936815,-0.642042410429486,0.4547213607799616
671594,Kamory Doumbia,Midfield,France - Ligue 1,Stade Brestois 29,21.869952087611225,1319,0.3411675511751327,4000000.0,7657335.479286519,1.9143338698216297,-0.6493697134621197,-0.6286667892387099,0.5289156290844801
555500,Jorge Herrando,Defender,Spain - LaLiga,CA Osasuna,23.84120465434634,1364,0.0659824046920821,4000000.0,7656612.42032027,1.9141531050800675,-0.649275282036399,-0.6285632544526742,0.4716122906083466
395236,Yacine Adli,Midfield,Italy - Serie A,ACF Fiorentina,24.42710472279261,1208,0.7450331125827815,11000000.0,19019939.096101318,1.7290853723728468,-0.5475925822160228,-0.6242471954217133,0.4355277462595577
618425,Tanguy Coulibaly,Attack,France - Ligue 1,Montpellier HSC,23.86858316221766,1461,0.1848049281314168,1500000.0,3089033.104559296,2.0593554030395302,-0.7223930226887223,-0.6237800936505922,0.5384759850371825
592534,Nicolai Remberg,Midfield,Germany - Bundesliga,Holstein Kiel,24.53661875427789,2412,0.0373134328358208,3000000.0,5846150.032183458,1.948716677394486,-0.6671710417667995,-0.6212997371527162,0.3189398516478032
487843,Lorenzo Colombo,Attack,Italy - Serie A,FC Empoli,22.819986310746064,2240,0.3214285714285714,5000000.0,9316395.890584078,1.8632791781168156,-0.6223379344540803,-0.620989010161499,0.4547213607799616
602124,Alessandro Bianco,Midfield,Italy - Serie A,AC Monza,22.25325119780972,2625,0.0342857142857142,5000000.0,9312194.138143815,1.8624388276287636,-0.6218868265060244,-0.6204923542636105,0.4355277462595577
427572,Zuriko Davitashvili,Attack,France - Ligue 1,AS Saint-Étienne,23.87679671457905,2763,0.5537459283387622,10000000.0,17240325.953991845,1.7240325953991846,-0.5446660789068432,-0.6098794407523576,0.5384759850371825
469050,Nathan Collins,Defender,England - Premier League,Brentford FC,23.67419575633128,3420,0.1842105263157894,28000000.0,42916710.1952619,1.532739649830782,-0.4270567549585458,-0.6071385341682114,0.4268281384923291
460651,Antoine Makoumbou,Midfield,Italy - Serie A,Cagliari Calcio,26.458590006844627,2164,0.1247689463955637,3500000.0,6641852.017517936,1.8976720050051243,-0.6406278744033909,-0.6064453159803782,0.4355277462595577
471055,Marvin Pieringer,Attack,Germany - Bundesliga,1. Fußballclub Heidenheim 1846,25.245722108145102,2225,0.4853932584269663,5500000.0,9964389.791285297,1.8117072347791443,-0.5942696243567287,-0.599763100949265,0.4301634824676839
504153,Joe Scally,Defender,Germany - Bundesliga,Borussia Mönchengladbach,22.0041067761807,2588,0.0,10000000.0,17049146.61033726,1.704914661033726,-0.5335150573031946,-0.597443918994734,0.4233984470101193
636093,Carlos Domínguez,Defender,Spain - LaLiga,Celta de Vigo,23.887748117727583,1180,0.0,3000000.0,5716962.302265815,1.905654100755272,-0.6448253096206376,-0.5969462079870302,0.4716122906083466
617074,Ilaix Moriba,Midfield,Spain - LaLiga,Celta de Vigo,21.95208761122519,2133,0.0843881856540084,6000000.0,10620450.962153427,1.7700751603589044,-0.5710220091637961,-0.5831013213163097,0.4461770408809116
335993,Philipp Treu,Defender,Germany - Bundesliga,FC St. Pauli,24.07939767282684,2885,0.0935875216637781,5000000.0,8926078.137541944,1.7852156275083888,-0.5795392076604884,-0.5738900597840828,0.4233984470101193
461019,Samuele Birindelli,Defender,Italy - Serie A,AC Monza,25.45653661875428,1476,0.1829268292682927,2800000.0,5250398.792259446,1.875142425806945,-0.628684616967897,-0.5732627844976435,0.393297256701782
564305,Michel Adopo,Midfield,Italy - Serie A,Cagliari Calcio,24.45448323066393,2417,0.1117087298303682,4000000.0,7238427.575402092,1.809606893850523,-0.5931096359715582,-0.5670199673354981,0.4355277462595577
691786,Morgan Guilavogui,Attack,Germany - Bundesliga,FC St. Pauli,26.8145106091718,1817,0.3962575674188222,4000000.0,7219279.165672764,1.8048197914181912,-0.5904607482511661,-0.5641192747598343,0.4301634824676839
543727,Botond Balogh,Defender,Italy - Serie A,Parma Calcio 1913,22.573579739904176,2053,0.0438382854359473,2400000.0,4502809.171229998,1.876170488012499,-0.6292327249263163,-0.5606292896733094,0.393297256701782
834744,Antoniu Roca,Attack,Spain - LaLiga,RCD Espanyol Barcelona,22.32443531827516,1021,0.0881488736532811,1800000.0,3439372.166823582,1.9107623149019897,-0.6475022801819694,-0.5571071460108914,0.37904911067644154
847279,Oumar Diakité,Attack,France - Ligue 1,Stade Reims,21.03490759753593,1642,0.2740560292326431,6000000.0,10334197.091406684,1.722366181901114,-0.5436990325865434,-0.5529446883907558,0.5384759850371825
888493,Alejo Veliz,Attack,Spain - LaLiga,RCD Espanyol Barcelona,21.286789869952088,1123,0.0801424755120213,2500000.0,4607176.123382487,1.842870449352995,-0.6113243828653889,-0.5446524102482111,0.37904911067644154
451906,David Nemeth,Defender,Germany - Bundesliga,FC St. Pauli,23.79192334017796,2142,0.042016806722689,4000000.0,7038402.587918609,1.7596006469796523,-0.5650868781780005,-0.5363416367134539,0.4233984470101193
251303,Johannes Eggestein,Attack,Germany - Bundesliga,FC St. Pauli,26.652977412731005,1867,0.337439742903053,2500000.0,4566272.3659058185,1.8265089463623276,-0.60240646533172,-0.5349813191534503,0.4301634824676839
392881,Antonio Candela,Defender,Italy - Serie A,Venezia FC,24.68172484599589,1922,0.0468262226847034,1800000.0,3350962.019924189,1.8616455666245493,-0.6214608098360319,-0.5290489607254945,0.393297256701782
346567,Luca Pellegrini,Defender,Italy - Serie A,Società Sportiva Lazio S.p.A.,25.82340862422998,1058,0.5103969754253308,3000000.0,5358740.994753265,1.7862469982510882,-0.5801167697852794,-0.5264891654904915,0.393297256701782
709372,Carlos Romero,Defender,Spain - LaLiga,RCD Espanyol Barcelona,23.17590691307324,2555,0.1056751467710371,5000000.0,8548266.576200308,1.7096533152400617,-0.5362906103344152,-0.5263394116191131,0.4716122906083466
337092,Tim Siersleben,Defender,Germany - Bundesliga,1. Fußballclub Heidenheim 1846,24.815879534565365,1182,0.0,2000000.0,3678854.017982568,1.839427008991284,-0.6094541149663932,-0.5243450525652125,0.4233984470101193
603940,Marvin Park,Defender,Spain - LaLiga,UD Las Palmas,24.49828884325804,1029,0.0,1200000.0,2280517.096560259,1.900430913800216,-0.6420806571948585,-0.5217084535753758,0.4716122906083466
848509,Jackson Tchatchoua,Defender,Italy - Serie A,Hellas Verona,23.299110198494184,3170,0.1419558359621451,8000000.0,12943436.409174772,1.6179295511468466,-0.4811472769880343,-0.5142601505927136,0.393297256701782
624942,Raúl Moro,Attack,Spain - LaLiga,Real Valladolid CF,22.07529089664613,2346,0.3452685421994885,7500000.0,12073181.900475362,1.6097575867300482,-0.4760836004115667,-0.5016914206394736,0.37904911067644154
322655,Flavius Daniliuc,Defender,Italy - Serie A,Hellas Verona,23.68240930869268,1003,0.0,2700000.0,4742583.177926403,1.75651228812089,-0.5633301884982433,-0.4991174364885922,0.393297256701782
855015,Farès Chaïbi,Midfield,Germany - Bundesliga,Eintracht Frankfurt,22.094455852156056,1008,0.3571428571428571,9000000.0,14019733.666320745,1.5577481851467492,-0.4432413073936914,-0.4851063129197273,0.3189398516478032
461843,Juan Berrocal,Defender,Spain - LaLiga,Getafe CF,25.905544147843944,1061,0.0,1500000.0,2709599.2885526503,1.8063995257017669,-0.591335651847773,-0.48306193060095715,0.4716122906083466
434224,Maxence Lacroix,Defender,England - Premier League,Crystal Palace,24.739219712525667,3119,0.0577108047451106,25000000.0,34759843.92501257,1.390393757000503,-0.3295869854444717,-0.48139573126081986,0.4268281384923291
334221,Amos Pieper,Defender,Germany - Bundesliga,SV Werder Bremen,26.95687885010267,1500,0.0,3500000.0,5874076.035034993,1.6783074385814265,-0.5177858085341907,-0.4723441921379139,0.4233984470101193
953901,Santiago Mouriño,Defender,Spain - LaLiga,Deportivo Alavés,22.882956878850106,1848,0.0487012987012987,3000000.0,5090940.947997142,1.6969803159990473,-0.528850386891385,-0.470737735703016,0.4716122906083466
406973,Moritz Broschinski,Attack,Germany - Bundesliga,VfL Bochum,24.27378507871321,1385,0.259927797833935,2000000.0,3500266.064121004,1.7501330320605022,-0.5596918033664622,-0.47066470353841083,0.4301634824676839
573775,Hugo Duro,Attack,Spain - LaLiga,Valencia CF,25.144421629021217,2172,0.580110497237569,14000000.0,20362939.951941345,1.4544957108529533,-0.3746592500680243,-0.4593925780575638,0.37904911067644154
625202,Lautaro Valenti,Defender,Italy - Serie A,Parma Calcio 1913,25.965776865160848,1557,0.0578034682080924,1500000.0,2640835.2252719603,1.7605568168479735,-0.565630132223685,-0.45550851493567057,0.393297256701782
596153,Justin Njinmah,Attack,Germany - Bundesliga,SV Werder Bremen,24.128678986995208,945,0.6666666666666666,7000000.0,10832647.38119074,1.5475210544558202,-0.4366543309482402,-0.45079619267166854,0.4301634824676839
787151,Lukas Ullrich,Defender,Germany - Bundesliga,Borussia Mönchengladbach,20.79671457905544,1918,0.140771637122002,8000000.0,12216329.382208437,1.527041172776055,-0.4233319890531231,-0.45020282354094165,0.4233984470101193
525299,Miguel Gutiérrez,Defender,Spain - LaLiga,Girona FC,23.43326488706365,2464,0.2191558441558441,20000000.0,27726026.98676537,1.3863013493382683,-0.3266393008995756,-0.44927514968571747,0.4716122906083466
337333,Alex Král,Midfield,Spain - LaLiga,RCD Espanyol Barcelona,26.622861054072555,2711,0.0331980818886019,6000000.0,9373744.14295992,1.5622906904933198,-0.4461531355709578,-0.4454243052106681,0.4461770408809116
330659,Justin Kluivert,Midfield,England - Premier League,AFC Bournemouth,25.661875427789184,2356,0.6876061120543294,35000000.0,45123056.24350634,1.2892301783858957,-0.2540452792997314,-0.4410034102417617,0.3167842881045617
395522,Samuel Essende,Attack,Germany - Bundesliga,FC Augsburg,26.94045174537988,1646,0.5467800729040098,4500000.0,7175161.142643191,1.594480253920709,-0.4665478235221876,-0.43962426629623264,0.4301634824676839
371371,Marash Kumbulla,Defender,Spain - LaLiga,RCD Espanyol Barcelona,24.89801505817933,2976,0.0907258064516128,7500000.0,11361490.707751185,1.5148654277001576,-0.4153266084154587,-0.4344754458868669,0.4716122906083466
672803,Bertuğ Yıldırım,Attack,Spain - LaLiga,Getafe CF,22.47501711156742,1087,0.0827966881324747,2000000.0,3382927.6832200945,1.6914638416100474,-0.5255943324863761,-0.4339158938000278,0.37904911067644154
357498,Dušan Vlahović,Attack,Italy - Serie A,Juventus FC,24.928131416837783,1784,0.7062780269058295,35000000.0,44740815.89670529,1.2783090256201513,-0.2455381308100719,-0.4313252539850623,0.4547213607799616
450050,Jean-Ricner Bellegarde,Midfield,England - Premier League,Wolverhampton Wanderers,26.5160848733744,1684,0.4809976247030879,18000000.0,24812205.499223243,1.378455861067958,-0.3209639314318693,-0.42970893958259193,0.3167842881045617
470607,Brennan Johnson,Attack,England - Premier League,Tottenham Hotspur,23.61122518822724,2179,0.6608536025699862,40000000.0,50020483.29509638,1.2505120823774096,-0.2235531333259715,-0.42482856184772033,0.3157718396415028
569389,Sofiane Diop,Attack,France - Ligue 1,OGC Nice,24.56399726214921,1052,0.94106463878327,10000000.0,14563375.833713915,1.4563375833713916,-0.375924779611001,-0.422010552846638,0.5384759850371825
632896,Alejandro Francés,Defender,Spain - LaLiga,Girona FC,22.420260095824776,1176,0.0,2000000.0,3333963.454297542,1.666981727148771,-0.511014642190144,-0.4182107928207892,0.4716122906083466
618813,Carlos Martín,Attack,Spain - LaLiga,Deportivo Alavés,22.69678302532512,1335,0.2696629213483146,2800000.0,4548740.0713888975,1.6245500254960348,-0.4852308700487153,-0.41748140074112844,0.37904911067644154
488626,Jesús Areso,Defender,Spain - LaLiga,CA Osasuna,25.50308008213552,3089,0.0874069278083522,12000000.0,17079916.32403492,1.4233263603362434,-0.352996639499235,-0.4171330105774369,0.4716122906083466
623521,Juanmi Latasa,Attack,Spain - LaLiga,Real Valladolid CF,23.7782340862423,1391,0.1941049604601006,2000000.0,3326432.9405080248,1.6632164702540124,-0.5087533602627605,-0.41577540571361227,0.37904911067644154
729814,Georges Mikautadze,Attack,France - Ligue 1,Olympique Lyon,24.16974674880219,1434,1.0669456066945606,22000000.0,29278371.264055625,1.3308350574570738,-0.2858066079599908,-0.41536280514302804,0.5384759850371825
707274,César Tárrega,Defender,Spain - LaLiga,Valencia CF,22.847364818617383,3027,0.0891972249752229,10000000.0,14471347.689197011,1.4471347689197012,-0.3695855800917229,-0.41496571210683947,0.4716122906083466
296397,Arne Maier,Midfield,Germany - Bundesliga,FC Augsburg,25.98220396988364,923,0.0975081256771397,4000000.0,6282963.925342424,1.570740981335606,-0.4515474706550275,-0.4122300142809207,0.3189398516478032
568333,Adam Obert,Defender,Italy - Serie A,Cagliari Calcio,22.36002737850788,1076,0.1672862453531598,3000000.0,4813654.146829355,1.6045513822764514,-0.4728442049107091,-0.4099018680036439,0.393297256701782
578391,Rayan Aït-Nouri,Defender,England - Premier League,Wolverhampton Wanderers,23.5728952772074,3128,0.3164961636828645,35000000.0,43795501.27028359,1.2513000362938167,-0.2241830398937594,-0.40703807047716234,0.4268281384923291
346853,Romano Schmid,Midfield,Germany - Bundesliga,SV Werder Bremen,24.93086926762492,2846,0.3162333099086437,17000000.0,23100190.393687844,1.3588347290404614,-0.3066275155885556,-0.4065804581706569,0.3189398516478032
357117,Alban Lafont,Goalkeeper,France - Ligue 1,FC Nantes,25.94113620807666,1080,0.0,7000000.0,10351157.87097771,1.4787368387111013,-0.3911882359909526,-0.4006034726293965,0.3445641297869999
251302,Niklas Dorsch,Midfield,Germany - Bundesliga,1. Fußballclub Heidenheim 1846,26.96235455167693,1378,0.2612481857764877,3500000.0,5485825.872691123,1.567378820768892,-0.4494046832121032,-0.39784801552312204,0.3189398516478032
730893,Tyrick Mitchell,Defender,England - Premier League,Crystal Palace,25.336071184120467,3103,0.1450209474701901,25000000.0,32039093.18207338,1.2815637272829352,-0.2480809942495732,-0.3892355470498581,0.4268281384923291
1028162,Antoine Joujou,Attack,France - Ligue 1,Le Havre AC,21.80971937029432,933,0.1929260450160771,2000000.0,3237607.5835169647,1.6188037917584823,-0.4816874763435415,-0.3866348621039646,0.5384759850371825
568158,Javi López,Defender,Spain - LaLiga,Real Sociedad,22.77344284736482,1935,0.0,7500000.0,10873940.11540068,1.4498586820534238,-0.3714660910300722,-0.3860056645643559,0.4716122906083466
282810,Carles Pérez,Attack,Spain - LaLiga,Getafe CF,26.874743326488705,1430,0.1888111888111888,2000000.0,3222846.959695012,1.611423479847506,-0.4771179373405054,-0.38171674271694117,0.37904911067644154
430280,Hans Nicolussi Caviglia,Midfield,Italy - Serie A,Venezia FC,24.539356605065024,2870,0.2195121951219512,8500000.0,12048971.768278394,1.4175260903856934,-0.3489131623662178,-0.37430621566140093,0.4355277462595577
